EMX-077-NS-1-15AB,"VOPSEA LAVABILA SILICONICA DE INTERIOR “EMEX”","Pe baza de Rasina Siliconica - Vopsea Lavabila Siliconica de Interior Alba sau Colorata are - Proprietati Antimurdarire, Rezistenta si Elasticitate !",lavabila-siliconica-interior,Vopsea-emulsionata-lavabila-siliconica-interior.webp,"in stock",407.27,1361,"Vopsea lavabila",EMEX,5941930700439,"rasini siliconice/ copolimeri acrilo-stirenici/ fileri","""Vopsea lavabila interior"""
EMX-075-NS-1-15AB,"VOPSEA LAVABILA SILICATICA DE INTERIOR “EMEX”","Pentru Zugraveli Interioare - Lavabila Silicatica de Interior cu Autocuratare si Duritate Excelenta, Asigura - Finisare Profesionala - Tencuielilor",lavabila-silicatica-interior,Vopsea-emulsionata-silicatica-interior.webp,"in stock","402.70 RON",1361,"Vopsea lavabila",EMEX,5941930700507,"silicat de potasiu","""Vopsea de fatada"""
EMX-102-NS-1-15AB,"VOPSEA SUPERLAVABILA DE EXTERIOR “EMEX”","Pe Baza de Latex pentru Tencuieli Exterioare - Vopsea Superlavabila Exterior “Emex” - Putere Mare de Acoperire Grad de Alb si Rezistenta la UV",superlavabila-exterior-emex,Vopsea-emulsionata-superlavabila-exterior.webp,"in stock","306.04 RON",1361,"Vopsea lavabila",EMEX,5941930700514,"polimeri acrilici/ aditivi","""Vopsea de fatada"""
EMX-076-NS-1-15AB,"VOPSEA LAVABILA SILICONICA DE EXTERIOR “EMEX”","Produs Profesional - Vopsea Lavabila Siliconica de Exterior “Emex” - Finisare Tencuieli si Gleturi Exterioare. Elasticitate si Putere Mare de Acoperire",lavabila-siliconica-exterior,Superlavabila-siliconica-emulsionata-exterior.webp,"in stock","401.34 RON",1361,"Vopsea lavabila",EMEX,5941930700583,"rasini siliconice/ copolimeri acrilo-stirenici/ fileri","""Vopsea de fatada"""
EMX-074-NS-1-15AB,"VOPSEA LAVABILA SILICATICA DE EXTERIOR “EMEX”","Vopsea Profesionala - Superlavabila Silicatica pentru Finisarea Tencuielilor Exterioare cu - Autocuratare, Duritate Excelenta si Putere de Acoperire",lavabila-silicatica-exterior,Vopsea-emulsionata-lavabila-silicatica-exterior.webp,"in stock","545.21 RON",1361,"Vopsea lavabila",EMEX,5941930700651,"silicat de potasiu","""Vopsea de fatada"""
EMX-068-NS-1-15AB,"VOPSEA LAVABILA DE EXTERIOR “NEOMATT”","Pe Baza de Latex - Vopsea Lavabila Exterior Economica pentru Finisarea Tencuielilor Exterioare cu Putere De Acoperire Aderenta si Grad Mare de Alb",lavabila-exterior-neomatt,Vopsea-lavabila-emulsionata-exterior-economica.webp,"in stock","280.38 RON",1361,"Vopsea lavabila",NEOMATT,5941930700668,"polimeri acrilici/ aditivi specifici/ fileri","""Vopsea de fatada"""
EMX-069-NS-1-15AB,"VOPSEA LAVABILA DE CORECTIE “EMEX OPTIPLUS”","Pe Baza de Latex - Vopsea Lavabila Premium cu Efect de Colorare are Inclusa - Substanta de Nuantare si Capacitatea de - Usura Vizualizarea Defectelor",lavabila-interior-efect-optic,Vopsea-lavabila-efect-culoare.webp,"in stock","296.82 RON",1361,"Vopsea lavabila",EMEX,5941930700675,"polimeri acrilo-stirenici/ pigmenti/ fileri","""Vopsea lavabila interior"""
EMX-121-NS-1-15AB,"VOPSEA LAVABILA REFLECTORIZANTA “EMEX”","Pe Baza de Latex - Vopsea Lavabila Reflectorizanta cu Microsfere de Sticla - Efect Luminiscent de Stalucire Intensa Datorita Capacitatii de Reflexie",vopsea-lavabila-reflectorizanta,Vopsea-reflectorizanta-cu-microperle.webp,"in stock","489.49 RON",1361,"Vopsea lavabila",EMEX,5941930700682,"copolimeri acrilici/ pigmenti/ fileri speciali","""Vopsea lavabila interior"""
EMX-027-NS-2-5AB,"VOPSEA ALCHIDICA METAL SI LEMN “EMEX GOLD”","Acoperire la - Strat pentru Lemn si Metal - Email Ultraacoperitor cu Rezistenta si Durabilitate - Profesional, Lucios de Interior sau Exterior !",email-emex-gold,Email-calitate-premium.webp,"in stock","205.55 RON",503738,"Email alchidic",EMEX,5941930700699,"rasina alchidica/ pigmenti/ fileri","""Vopsea email"""
EMX-025-S-2-5AB,"VOPSEA DECORATIVA METAL LEMN “EMEX EXTRACOLOR”","Pentru Interior sau Exterior - Vopsea Decorativa Alchidica pentru Suporturi din Lemn Metal Zidarie. Luciu Intens, Putere de Acoperire - Pret Decent - ",email-alchidic-emex,Vopsea-superioara-alchidica.webp,"in stock","165.79 RON",503738,"Email alchidic",EMEX,5941930700873,"rasina alchidica/ pigmenti/ fileri","""Vopsea email"""
EMX-150-S-7-4AB,"VOPSEA EPOXIDICA EMULSIONATA “EMEX DECK”","Sistem Profesional - Vopsea Epoxidica de Pardoseala pe Baza de Apa - Vopsiri Epoxidice de Pardoseli sau Suprafete din Beton - Durabilitate min - ani !",vopsea-epoxidica-baza-apa-pardoseala,Vopsea-epoxidica-emulsionata-pentru-pardoseli.webp,"in stock","430.16 RON",503738,"Vopsea epoxidica",EMEX,5941930707179,"rasina epoxidica emulsionata","""Vopsea de podea, de beton"""
EMX-148-S-4-5AB,"VOPSEA CLORCAUCIUC DE PISCINA “EMEX SWIM”","Produs Profesional - Vopsea Clorcauciuc pentru Piscina si Bazine de Beton - Vopsea Cauciucata Rezistenta la Imersia in Apa. Calitate Fara Compromis !",vopsea-clorcauciuc-piscine,Vopsea-clorcauciuc-piscina.webp,"in stock","256.39 RON",503738,Email,EMEX,5941930703041,"cauciuc clorurat/ pigmenti/ plastifianti","""Vopsea email"""
EMX-157-S-4-4AB,"VOPSEA POLIURETANICA PISCINA “EMEX POOL”","Produs Profesional - Vopsea Poliuretanica pentru Piscine din Beton. Elastica Impermeabilizanta Durabila. Rezistenta la UV - Calitate incontestabila !",vopsea-poliuretanica-piscina,Vopsea-piscina-cauciucata-poliuretanica.webp,"in stock","340.77 RON",503738,Email,EMEX,5941930702747,"rasina poliuretanica/ pigmenti","""Vopsea email"""
EMX-028-NS-2-25AB,"SISTEM ANTICOROZIV - IN - “EMEX DUAL PROTECT”","In Culori RAL - Vopsea pentru Metal cu Luciu Superior cu Grund Anticoroziv Inclus si Inhibitor de Coroziune  - Sistem Protectie Anticoroziva - in 1",emex-dual-protect,Sistem-anticoroziv-Dual-Protect.webp,"in stock","885.96 RON",503738,"Sistem anticoroziv",EMEX,5941930701054,"rasini sintetice/ pigmenti/ agenti anticorozivi","""Vopsea email"""
EMX-135-S-2-5AB,"VOPSEA PROFESIONALA METAL “EMEX EQS”","Pentru Metal Aluminiu sau Lemn - Vopsea Profesionala Alchido-Stirenica de Inalta Calitate - Putere de Acoperire, Rezistenta, Luciu si Uscare Rapida !",vopsea-metal-alchido-stirenica,Vopsea-lucioasa-profesionala-alchido-stirenica.webp,"in stock","244.07 RON",503738,Email,EMEX,5941930701146,"rasini modificate/ pigmenti/ aditivi","""Vopsea email"""
EMX-026-S-2-4AG,"VOPSEA ARGINTIE BRONZ ALUMINIU “EMEX”","Vopsea Argintie Bronz Aluminiu Metalizat - Utilizata ca Vopsea pentru Fier Forjat Tabla Zincata sau Jante din Metal. - Aspect si Luciu de Exceptie !",email-bronz-aluminiu,Bronz-aluminiu-metalizat.webp,"in stock","227.06 RON",503738,Email,EMEX,5941930701320,"rasini sintetice/ aditivi/ solventi organici","""Vopsea email"""
EMX-140-NS-2-5AB,"VOPSEA PROFESIONALA LEMN SI METAL “EMEX CODE”","Vopsea Profesionala Alchidica Uretanizata - Utilizata pentru Metal si Lemn in Special la Exterior - Rezistenta Inclusiv pentru Acoperiri Navale !",vopsea-uretanizata-metal-exterior,Email-alchidic-uretanizat-pentru-metal.webp,"in stock","235.11 RON",503738,Email,EMEX,5941930701368,"rasini modificate/ pigmenti/ aditivi","""Vopsea email"""
EMX-130-NS-2-25AB,"VOPSEA ALCHIDICA IN APA SATINATA “EMCOLOR”","Ieftina cu Aspect Satinat - Vopsea Alchidica Economica Satinata Emcolor pentru Lemn Metal si Zidarie - pe Baza de Rasina Alchidica Emulsionata in Apa",vopsea-satinata-emcolor,Vopsea-economica-satinata.webp,"in stock","600.36 RON",503738,"Vopsea alchidica",EMEX,5941930701542,"rasina alchidica/ pigmenti/ fileri","""Vopsea email"""
EMX-058-S-2-3TR,"LAC MONOCOMPONENT PENTRU PARCHET “EMEX”","Pe Baza de Rasini Alchido-Uretanizate - Lac Monocomponent pentru Parchet - Lucios, Transparent si Rezistent - Lacuri de Parchet cu Aspect Profesional",lac-parchet,Lac-parchet-uretanizat.webp,"in stock","187.21 RON",503738,"Lac Lemn",EMEX,5941930701634,"rasina alchidica uretanizata/ aditivi specifici/ solventi","""Lac"""
EMX-066-S-2-3TR,"LAC TRANSPARENT PENTRU LEMN EXTERIOR “EMEX”","Unul dintre cele mai Performante Lacuri - Lac pentru Decoratiuni din Lemn si Mobilier de Gradina - Lac Rezistent la Apa, Intemperii, Lumina si UV !",lac-uretanizat-mobilier-gradina,Lac-pentru-mobilier-de-exterior.webp,"in stock","186.96 RON",503738,"Lac Lemn",EMEX,5941930701771,"rasina alchidica uretanizata/ aditivi specifici/ solventi","""Lac"""
EMX-054-NS-2-3TR,"LAC ALCHIDIC LUCIOS PENTRU LEMN “EMEX”","Lac Alchidic Transparent Lucios pentru Lemn - Calitati Superioare de Impregnare Acoperire si Finisare - Suprafetelor si Decoratiunilor din Lemn",lac-alchidic,Lac-elemente-din-lemn.webp,"in stock","145.50 RON",503739,"Lac Lemn",EMEX,5941930701931,"rasini alchidice/ aditivi specifici/ solventi organici","""Lac"""
EMX-141-NS-2-3TR,"LAZURA - LAC COLORAT PENTRU LEMN “EMEX WX”","Produs Profesional de Inalta Calitate? Lazura/ Lac Transparent sau Nuantat pe Baza de Rasini Sintetice - Gama Larga de Culori de Interior sau Exterior",lazura-lac-colorat,Lazura-transparent-sau-pigmentat-pentru-lemn.webp,"in stock","187.21 RON",503738,"Lac Lemn",EMEX,5941930701955,"rasini acrilice/ aditivi specifici/ solventi organici","""Lazur"""
EMX-060-S-2-4TR,"LAC SOLVENTAT PENTRU PIATRA “EMEX WS”","Produs de Inalta Calitate - Lac Acrilic Solventat pentru Piatra Naturala - Rezistent la Intemperii, Apa, Infiltratii, Factori de Mediu si Radiatii UV",lac-piatra-solvent,Lac-de-piatra-solventat.webp,"in stock","211.41 RON",503738,"Lac de Piatra",EMEX,5941930702112,"rasini acrilice/ aditivi specifici/ solventi organici","""Lac"""
EMX-037-NS-9-6OC,"GRUND ALCHIDIC PENTRU LEMN SI BINALE “EMEX”","Produs Superior - Grund Alchidic pentru Lemn si Binale “Emex” - Asigura Egalizare si Umplere Pori. Destinat Pregatirii Lemnului Inaintea Vopsirii ",grund-binale,Grund-lemn-lambriuri-binale.webp,"in stock","136.71 RON",2058,"Grund Lemn",EMEX,5941930702273,"rasina alchidica/ pigmenti/ fileri","""Vopsea grund"""
EMX-166-NS-4-4TR,"LAC ACRILIC PENTRU OTEL SI NEFEROASE “EMEX BLISS”","Produs Profesional de Inalta Performanta - Lacul Acrilic pentru Metal “Emex Bliss” pentru - Suprafete Metalice, cu Precadere pentru Neferoase",lac-protectie-metal-aluminiu,Lac-pentru-otel-aluminiu-cupru.webp,"in stock","238.72 RON",503738,Lac,EMEX,5941930704963,"rasina acrilica solventata","""Lac"""
EMX-093-S-2-5AR,"SOLUTIE ANTIRUGINA “EMEX RUST STOP”","Solutie de Fosfatare Antirugina - Sub denumirea generica de Feruginol sau Deruginol este utilizata pentru - Curatare Rugina de pe suporturi din metal.",solutie-anti-rugina,Solutie-curatare-rugina.webp,"in stock","207.74 RON",115,"Solutie de fosfatare antirugina",EMEX,5941930702310,"saruri sulfurate/ agenti tensioactivi/ solventi organici","""Diluant"""
EMX-143-NS-2-5CM,"DECAPANT VOPSEA VECHE “EMEX CM CLEANER”","Produs Profesional - Decapant pentru Vopsea sub Forma de Pasta - Produs de Mare Eficacitate pentru Curatare Vopsea Veche de pe Metal !",decapant-vopsea-lemn-metal,Pasta-decapanta-vopsele-vechi.webp,"in stock","139.23 RON",115,"Pasta decapanta",EMEX,5941930702334,"solventi organici/ alcooli","""Diluant"""
EMX-016-S-2-5PC,"SOLUTIE PASTA DECAPANTA “EMEX PC ECO”","Pasta sau Solutie Decapanta non toxica - produs profesional, ecologic, pentru curatare vopsea adeziv si graffiti. - Decapant eficient de vopsea !",decapant-ecologic-vopsele,Decapant-ecologic-vopsele-vechi.webp,"in stock","359.65 RON",115,"Pasta decapanta",EMEX,5941930702358,"solventi organici/ alcooli","""Decapant"""
EMX-017-S-2-1AH,"DILUANT PENTRU VOPSELE ALCHIDICE “EMEX”","Diluant pentru reglarea vascozitatii vopselelor alchidice grase de lemn metal si zidarie - solvent pentru diluare vopsea sau spalare scule de vopsit",diluant-alchidic,Diluant-uz-general.webp,"in stock","31.29 RON",503741,Diluant,EMEX,5941930702372,"solventi organici","""Diluant"""
EMX-104-NS-3-25AB,"TENCUIALA DECORATIVA STRUCTURATA “EMEX”","Cu Latex si Granule de Marmura - Tencuiala Decorativa Structurata de Exterior sau Interior Alba sau Colorata - Durabilitate 10 ani. Preturi Decente !",tencuiala-decorativa-acrilica,Tencuiala-decorativa-structurata-standard.webp,"in stock","221.04 RON",505802,Tencuiala,EMEX,5941930702396,"copolimeri acrilo-stirenici/ aditivi/ fileri","""Tencuiala decorativa"""
EMX-105-NS-3-25AB,"TENCUIALA DECORATIVA SILICONATA EXTERIOR “EMEX”","Cu Rasini Siliconice si Granule de Marmura - Tencuiala Decorativa Exterior Siliconata Impermeabila Aspect Striat - Protectie Eficienta Contra Apei !",tencuiala-decorativa-impermeabila,Tencuiala-decorativa-pentru-impermeabilizare.webp,"in stock","259.72 RON",505802,Tencuiala,EMEX,5941930702433,"rasini siliconice/ impermeabilizanti/ polimeri acrilici","""Tencuiala decorativa"""
EMX-109-NS-3-25AB,"TENCUIALA DECORATIVA SILICONICA “EMEX”","Produs Profesional - Tencuiala Decorativa Siliconica Exterior Structurata cu Cuart si Granule de Marmura in Culori Diverse - Calitate Incontestabila !",tencuiala-decorativa-siliconica,Tencuiala-decorativa-siliconica.webp,"in stock","283.22 RON",505802,Tencuiala,EMEX,5941930702471,"rasini acrilice/ rasini siliconice/ fileri","""Tencuiala decorativa"""
EMX-110-NS-3-25MZ,"TENCUIALA MOZAICATA DE SOCLU “EMEX”","Rezistenta la Apa si Infiltratii cu Granule Colorate de Cuartz - Tencuiala Decorativa de Soclu Marmorata sau Mozaicata - Calitate Incontestabila !",tencuiala-soclu,Marmorom-pentru-soclu.webp,"in stock","283.22 RON",505802,Tencuiala,EMEX,5941930702518,"rasini acrilice/ aditivi specifici","""Tencuiala decorativa"""
EMX-106-NS-3-25AB,"TENCUIALA DECORATIVA PERIATA “EMEX”","Produs Profesional - Tencuiala Decorativa Periata cu Cuart si Granule de Marmura - Structurare Circulara in Orice Culoare. Calitate Incontestabila !",tencuiala-decorativa-periata,Tencuiala-decorativa-structura-periata.webp,"in stock","221.04 RON",505802,Tencuiala,EMEX,5941930702525,"copolimeri acrilo-stirenici/ aditivi/ fileri","""Tencuiala decorativa"""
EMX-108-NS-3-25AB,"TENCUIALA DECORATIVA SILICATICA “EMEX”","Cu Silicat de Potasiu si Granule de Marmura - Tencuiala Decorativa Silicatica Structurata - Restaurari Tencuieli si Fatade Exterioare in Orice Culoare",tencuiala-decorativa-silicatica,Tencuiala-silicat-de-potasiu.webp,"in stock","365.03 RON",505802,Tencuiala,EMEX,5941930702563,"silicat de potasiu/ pigmenti/ aditivi","""Tencuiala decorativa"""
EMX-107-NS-3-25AB,"TENCUIALA DECORATIVA BOB DE OREZ “EMEX”","Cu Granule de Marmura si Cuartz - Tencuiala Decorativa Granulata tip Bob de Orez sau Praf de Piatra in Culori Diverse - Calitate la Pret de Producator",tencuiala-decorativa-praf-piatra,Tencuiala-decorativa-bob-de-orez.webp,"in stock","245.44 RON",505802,Tencuiala,EMEX,5941930702600,"copolimeri acrilo-stirenici/ aditivi/ fileri","""Tencuiala decorativa"""
EMX-132-NS-3-15AB,"VOPSEA DECORATIVA TEXTURATA “EMEX”","Vopsea - Texturata Decorativa pe baza de Latex aplicabila cu fier de glet structurata cu trafaletul - Aspect Calcio Vecchio - modele de orice culoare.",vopsea-texturata-emex,Vopsea-calcio-vecchio.webp,"in stock","360.43 RON",505802,"Vopsea decorativa",EMEX,5941930702648,"rasini acrilice/ aditivi/ cuart micronizat","""Vopsea de fatada"""
EMX-031-NS-3-16GQ,"GRUND DE AMORSARE TENCUIELI “EMEX”","Grund de Amorsare cu Cuart pentru Ancorare Tencuieli Decorative de Fatada sau Tencuiala Decorativa Structurata Acrilica si Vopsea Texturata",grund-amorsa-quartz,Amorsa-tencuiala-decorativa-cuart.webp,"in stock","134.61 RON",2058,Amorsa,EMEX,5941930702716,"rasini acrilice/ aditivi/ cuart micronizat","""Vopsea grund"""
EMX-033-NS-3-16GQ,"GRUND SILICONIC - AMORSA TENCUIELI “EMEX”","Profesional - Grund de Amorsare Siliconic cu Cuartz pentru Tencuieli Decorative Siliconice Elastice - Creaza Puncte de Ancora cu Aderenta Superioara",grund-amorsa-tencuiala-siliconica,Amorsa-siliconica-tencuiala-decorativa.webp,"in stock","144.70 RON",2058,Grund,EMEX,5941930702723,"rasini acrilice/ rasini siliconice","""Vopsea grund"""
EMX-032-NS-3-16GQ,"GRUND SILICATIC - AMORSA TENCUIELI “EMEX”","Grund de Amorsare Silicatic cu cuart pentru tencuieli decorative cu puncte de ancora pentru aderenta permite respiratia peretilor impermeabil la apa",grund-amorsa-tencuiala-silicatica,Amorsa-cuart-tencuiala-silicatica.webp,"in stock","169.27 RON",2058,Grund,EMEX,5941930702730,"silicat de potasiu/ fileri/ cuart micronizat","""Vopsea grund"""
EMX-114-S-4-5AB,"VOPSEA CLORCAUCIUC PENTRU METAL SI BETON “EMEX”","Rezistenta la Apa Intemperii si Agenti Corozivi - Vopsea Clorcauciuc pentru Metal sau Beton - Vopsea Cauciucata la Pret si Calitate fara Compromis !",vopsea-clorcauciuc,Clorcauciuc-metal-lemn-beton.webp,"in stock","193.78 RON",503738,Email,EMEX,5941930704109,"cauciuc clorurat/ pigmenti/ plastifianti","""Vopsea de podea, de beton"""
EMX-116-S-4-4AB,"VOPSEA RASINA EPOXIDICA - EMAIL EPOXIDIC “EMEX”","Produs Profesional - Vopsea Epoxidica pentru Metal, Beton si Lemn pe baza de Rasina Epoxidica Bicomponenta - Email Epoxidic de Noua Generatie !",vopsea-epoxidica,Email-epoxidic-metal-beton.webp,"in stock","235.62 RON",503738,Email,EMEX,5941930702860,"rasina epoxidica/ intaritor","""Vopsea email"""
EMX-126-S-4-4AB,"VOPSEA POLIURETANICA LEMN METAL ZIDARIE “EMEX”","Sistem Profesional - Vopsea Poliuretanica Bicomponenta pentru Metal, Beton, Lemn - Elastica, Rezistenta, Durabila. Pret si Calitate Incontestabile !",vopsea-poliuretanica,Vopsea-poliuretanica-pentru-metal.webp,"in stock","332.29 RON",503738,Email,EMEX,5941930703928,"rasina poliuretanica/ pigmenti","""Vopsea email"""
EMX-125-NS-4-4AB,"VOPSEA RASINA POLIESTERICA PENTRU METAL “EMEX”","Produs de Generatie Noua - Vopsea Poliesterica pentru Metal - Proprietati Avansate de Pelicula. Rezistenta la Coroziune, Umiditate, Radiatii UV",vopsea-poliesterica-metal,Email-poliesteric-de-mare-rezistenta.webp,"in stock","340.91 RON",503738,Email,EMEX,5941930703744,"rasina poliesterica/ intaritor","""Vopsea email"""
EMX-127-NS-4-5AB,"VOPSEA EPOXIDICA METAL MONOCOMPONENTA “EMEX”","Produs Profesional - Email Epoxi-Ester Monocomponent pentru Metal - Nu Necesita Intaritor. Aderenta, Rezistenta, Luciu. Calitate Incontestabila !",vopsea-epoxidica-monocomponenta-epoxi-ester,Email-epoxi-ester-monocomponent-pentru-tabla.webp,"in stock","315.71 RON",503738,Vopsea,EMEX,5941930704284,"rasina epoxidica/ esteri","""Vopsea email"""
EMX-134-S-4-5AB,"EMAIL TIP AUTO PENTRU UTILAJE “EMEX”","Produs Profesional - Vopsea Tip Auto pentru Utilaje si Caroserii Auto - Uscare Rapida Duritate si Luciu pentru Camioane Utilaje Macarale Stivuitoare",vopsea-utilaje,Email-tip-auto-utilaje.webp,"in stock","224.16 RON",3812,Email,EMEX,5941930704581,"rasini alchidice/ rasini melaminice","""Vopsea email"""
EMX-090-S-4-4AB,"VOPSEA POLIURETANICA AMBARCATIUNI, YACHT “EMEX”","Produs de Noua Generatie? Vopsea Poliuretanica Bicomponenta pentru Yachturi Barci sau Ambarcatiuni de Agrement - Rezistenta la UV si Socuri Mecanice !",poliuretanica-yachturi-ambarcatiuni,Vopsea-poliuretanica-yacht-ambarcatiuni.webp,"in stock","346.46 RON",503738,Vopsea,EMEX,5941930704468,"rasina poliuretanica/ intaritor","""Vopsea email"""
EMX-063-S-4-3TR,"LAC POLIURETANIC DE PROTECTIE “EMEX UV SHIELD”","Filtru pentru Radiatii UV - Lac Poliuretanic Transparent de Protectie pentru Yachturi Barci si Ambarcatiuni de Agrement - Rezistent la Apa si Zgariere",lac-poliuretanic-protectie-radiatii,Lac-poliuretanic-de-protectie-UV.webp,"in stock","315.61 RON",503738,"Lac Poliuretanic",EMEX,5941930704505,"rasini acrilo-poliolice/ intaritor","""Lac"""
EMX-078-S-4-4AG,"VOPSEA LOVITURA DE CIOCAN “EMEX”","Vopsea Profesionala - Lovitura de Ciocan Hammerschlag sau Hammerite pentru Metal - Metalizata Rezistenta la Coroziune Aspect Decorativ in Relief !",lovitura-de-ciocan,Vopsea-metalizata-lovitura-de-ciocan.webp,"in stock","200.51 RON",503738,Email,EMEX,5941930704765,"rasina acrilica modificata/ aditivi speciali/ solventi organici","""Vopsea email"""
EMX-131-S-4-4AG,"VOPSEA TERMOREZISTENTA “EMEX TRS 700”","Pentru Protectia la Temperaturi Inalte - Vopsea Termorezistenta Siliconica - Vopsea Rezistenta la Temperatura pentru Esapament, Cuptoare Industriale",vopsea-termorezistenta-siliconica,Vopsea-pentru-temperaturi-ridicate.webp,"in stock","524.68 RON",503738,Vopsea,EMEX,5941930704888,"Rasina siliconica/ pigment termorezistent","""Vopsea email"""
EMX-124-NS-4-4AG,"VOPSEA METALIZATA AURIE - ARGINTIE “EMEX”","Produs Profesional - Vopsea Metalizata Aurie sau Argintie. Bronz-Aluminiu pentru Suprafete Metalice si Fier Forjat - Produs de Inalta Calitate !",vopsea-metalizata-acrilica,Bronz-aluminiu-metalizat-acrilic-auriu.webp,"in stock","249.01 RON",503738,Email,EMEX,5941930704925,"rasina acrilica/ pigmenti metalizati","""Vopsea email"""
EMX-128-S-4-4AB,"VOPSEA POLIURETANICA PENTRU MOBILA “EMEX”","Sistem Profesional - Vopsea Poliuretanica de Mobila din Rasini Poliuretanice cu Mare Duritate - Luciu Superior, Rezistenta la Apa, Uzura si Pete",vopsea-poliuretanica-mobila,Vopsea-pentru-mobila-rasina-poliuretanica.webp,"in stock","357.96 RON",503738,Vopsea,EMEX,5941930705007,"rasini acrilo-poliolice/ pigmenti/ solventi organici","""Vopsea email"""
EMX-062-S-4-3TR,"LAC POLIURETANIC PENTRU MOBILA “EMEX”","Pe Baza de Rasini Poliuretanice - Lac Poliuretanic Bicomponent de Mobila si Mobilier - Lucios cu Rezistenta Mare la Intemperii Frecare Patare si UV",lac-poliuretanic-mobila,Lac-poliuretanic-lemn-si-mobila.webp,"in stock","299.55 RON",503738,"Lac Lemn",EMEX,5941930705168,"rasini acrilo-poliolice/ Izocianat alifatic","""Lac"""
EMX-048-S-4-08IE,"INTARITOR EPOXIDIC “EMEX - 30-25”","Intaritor pentru polimerizarea sistemelor epoxidice bicomponente solventate ca lacuri vopsele grunduri amorse pentru suporturi din lemn metal zidarie",intaritor-epoxidice-solventate,Intaritor-lacuri-vopsele-epoxidice.webp,"in stock","59.02 RON",115,Intaritor,EMEX,5941930705380,"poliamida/ rasini epoxidice","""Intaritor"""
EMX-049-S-4-08IP,"INTARITOR POLIURETANIC “EMEX 75-HMX”","Intaritor pentru sistemele de rasini poliuretanice bicomponente ca lacuri vopsele grunduri sau emailuri pentru suporturi din metal lemn sau beton",intaritor-lacuri-vopsele-poliuretanice,Intaritor-rasini-poliuretanice-in-solvent.webp,"in stock","106.36 RON",115,Intaritor,EMEX,5941930705403,poliizocianat,"""Intaritor"""
EMX-024-S-4-1AU,"DILUANT PENTRU VOPSELE AUTO SI SPECIALE “EMEX”","Diluant - pentru Vopsele Auto si Speciale - Solvent pentru Reglarea Vascozitatii si diluare vopsea, spalare scule de vopsire: pistol pensule airless.",diluant-vopsele-utilaje,Diluant-vopsele-speciale.webp,"in stock","33.69 RON",503741,Diluant,EMEX,5941930705427,"solventi organici","""Diluant"""
EMX-018-S-4-1CL,"DILUANT PENTRU VOPSELE CLORCAUCIUC “EMEX”","Solvent pentru - Vopsele Clorcauciuc de Piscina sau Trafic. Regalare vascozitate clorcauciuc si spalare scule pentru vopsire: airless pensule pistol",diluant-clorcauciuc,Solvent-vopsele-clorcauciuc.webp,"in stock","33.30 RON",503741,Diluant,EMEX,5941930705441,"solventi organici","""Diluant"""
EMX-019-S-4-1EP,"DILUANT PENTRU VOPSELE EPOXIDICE “EMEX”","Diluant Epoxidic - Solvent Lacuri si Vopsele Epoxidice pentru reglare vascozitate si curatare scule pentru vopsire: role, pistol cu aer sau airless",diluant-epoxidic,Diluant-lacuri-vopsele-epoxidice.webp,"in stock","37.26 RON",503741,Diluant,EMEX,5941930705465,"solventi organici","""Diluant"""
EMX-022-S-4-1PL,"DILUANT PENTRU VOPSELE POLIURETANICE “EMEX”","Solvent pentru - Rasini Poliuretanice - Diluare Lacuri Vopsele Poliuretanice si spalare unelte de vopsire, instalatii de pulverizare aer sau airless",diluant-poliuretanic,Solvent-rasina-poliuretanica.webp,"in stock","42.22 RON",503741,Diluant,EMEX,5941930705489,"solventi organici","""Diluant"""
EMX-023-S-4-1PS,"DILUANT RASINI POLIESTERICE SATURATE “EMEX”","Diluant pentru - Lacuri si Vopsele Poliesterice Saturate - solvent de diluare email poliesteric si spalare unelte vopsire pulverizare aer sau airless",diluant-rasini-poliesterice,Solvent-rasina-poliesterica.webp,"in stock","42.22 RON",503741,Diluant,EMEX,5941930705502,"solventi organici","""Diluant"""
EMX-133-NS-5-15AB,"VOPSEA DE ACOPERIS TIGLA SI AZBOCIMENT “EMEX”","Vopsea pentru - Acoperis de Tigla din Beton si Azbociment in Orice Culoare cu Putere de Acoperire - Rezistenta Mare la UV - Rezultate Profesionale !",vopsea-tigla-emex,Vopsea-tigla-din-beton.webp,"in stock","467.17 RON",503738,Vopsea,EMEX,5941930705694,"polimeri acrilici/ aditivi","""Vopsea de podea, de beton"""
EMX-118-S-5-10AB,"VOPSEA HIDROIZOLANTA BETON “EMEX AQ BAR”","Rezistenta la Intemperii si Apa - Vopsea Hidroizolanta Elastica pentru Piscina Terasa sau Acoperis. Impermeabilizant Mare Rezistenta - Pret Excelent !",vopsea-hidroizolanta-elastica,Vopsea-multiprotectoare-hidroizolanta.webp,"in stock","290.86 RON",115,"Vopsea Hidroizolanta",EMEX,5941930705595,"polimeri acrilici/ aditivi","""Vopsea grund"""
EMX-123-NS-4AB,"VOPSEA ACRILICA BAZA APA “EMEX SUPRAMET”","Produs Profesional - Vopsea Acrilica pentru Metal pe Baza de Apa - cu Aderenta si Rezistenta Deosebita la Agenti Corozivi Factori de Mediu si Uzura.",vopsea-metal-solubila-apa,Vopsea-profesionala-cu-apa-pentru-metal.webp,"in stock","215.73 RON",503738,Vopsea,EMEX,5941930705748,"polimeri acrilici/ aditivi","""Vopsea email"""
EMX-112-NS-4AB,"VOPSEA UNIVERSALA ACRILICA “EMEX SPECTRUM”","Pe Baza de Apa - Vopsea Acrilica Universala Pentru Lemn Metal Zidarie sau Plastic - Rezistenta la Factori de Mediu si Rugina. Durabilitate indelungata",vopsea-acrilica-universala,Vopsea-profesionala-pentru-orice-suport.webp,"in stock","196.85 RON",503738,Vopsea,EMEX,5941930705830,"rasini sintetice speciale","""Vopsea email"""
EMX-111-NS-5-4AB,"VOPSEA ACRILICA PENTRU MOBILA “EMEX”","Produs de Inalta Calitate - Vopsea Acrilica de Mobila Solubila in Apa “Emex” - Lucioasa sau Mata cu Aderenta, Rezistenta la Patare, Uzura si Frecare.",vopsea-acrilica-mobila,Vopsea-lemn-mobila-solubila-apa.webp,"in stock","231.28 RON",503738,Vopsea,EMEX,5941930705922,"rasini acrilice/ pigmenti","""Vopsea email"""
EMX-053-NS-5-4TR,"LAC PENTRU MOBILA ACRILIC “EMEX”","Produs Transparent - Lac pentru Mobila pe Baza de Apa din Rasini Acrilice - Lucios Sau Mat, Rezistent la Patare, UV si Uzura, cu Aderenta Mare. ",lac-acrilic-mobila,Lac-de-mobila-acrilic.webp,"in stock","199.21 RON",503738,Lac,EMEX,5941930706004,"rasini acrilice hidrosolubile/ aditivi speciali","""Lac"""
EMX-059-S-5-5TR,"LAC ACRILIC PENTRU PIATRA “EMEX AQS”","Lac pentru Piatra Acrilic Solubil in Apa - Fabricat din Rasini Diluabile cu Apa cu - Mare Putere de Penetrare Rezistent la Apa Factori de Mediu si UV",lac-piatra-apa,Lac-pentru-piatra-baza-apa.webp,"in stock","188.44 RON",503738,Lac,EMEX,5941930706011,"rasini acrilice/ biocizi ecologici","""Lac"""
EMX-064-S-5-5TR,"LAC IMPERMEABILIZANT “EMEX MINERAL PROTECT”","Produs de Calitate - Lac Protectie Beton cu Xilani pentru Impermeabilizare - pentru Protejare si Fixare Betoane si Mortare Impotriva Efectelor Apei",lac-protectie-beton,Lac-cu-xilan-impermeabilizare-beton.webp,"in stock","184.95 RON",503738,Lac,EMEX,5941930706035,"rasini acrilice/ fileri","""Lac"""
EMX-113-NS-5-5GR,"VOPSEA ANTIFONICA INSONORIZANTA “EMEX”","Antifon Auto - Vopsea Antifonica Insonorizanta Hidroizolanta - Protectie Anticoroziva Rezistenta la Apa, Intemperii, Agenti Chimici, Sare, Uleiuri",vopsea-antifonica,Vopsea-insonorizanta-auto.webp,"in stock","132.92 RON",503738,Vopsea,EMEX,5941930706059,"rasini sintetice/ extenderi","""Vopsea grund"""
EMX-044-NS-5-5RO,"GRUND ANTICOROZIV SOLUBIL “EMEX AQ ECO”","Produs Profesional - Grund Anticoroziv Solubil in Apa - Protectie Anticoroziva de Mare Eficienta. Fara Emisii Volatile, pentru Suporturi Metalice",grund-solubil-apa,Grund-acrilic-de-imersie.webp,"in stock","247.70 RON",503738,Vopsea,EMEX,5941930709012,"rasini sintetice/ extenderi","""Vopsea grund"""
EMX-047-NS-5-5HD,"HIDROFOBIZANT BETON “EMEX CONCRETE”","Protectie Eficienta - Zidariei la Agenti Corozovi - Impregnant de Hidrofobizare Beton - Nu Permite Infiltrarea Apei dar Permite Respiratia Peretilor",impregnant-hidrofobizare,Solutie-protectie-la-apa-pentru-beton.webp,"in stock","145.47 RON",503738,Lac,EMEX,5941930706097,"xilani, polixilosilan","""Lac"""
EMX-001-NS-5-6AB,"ADEZIV TIP ARACET “EMEX”","Produs Plastifiat - Adezivul tip Aracet pentru Constructii “Emex” - Imbunatateste Priza, Aderenta la Suport si Rezistenta pentru Mortare si Gleturi",adeziv-constructii,Adeziv-pentru-constructii.webp,"in stock","82.03 RON",115,Adeziv,EMEX,5941930706110,"polimeri/ extenderi/ aditivi","""Adeziv"""
EMX-082-NS-6-20AB,"PARDOSEALA EPOXIDICA AUTONIVELANTA “EMEX”","Produs Profesional - Pardoseala Autonivelanta Epoxidica - Inalta Calitate, Luciu Intens, Duritate Remarcabila - Pardoseli Industriale Epoxidice !",pardoseala-epoxidica,Pardoseala-epoxidica-bicomponenta-autonivelanta.webp,"in stock","1,058.86 RON",115,Pardoseala,EMEX,5941930706134,"rasina epoxidica/ pigmenti","""Vopsea de podea, de beton"""
EMX-083-NS-6-20AB,"PARDOSEALA ANTIDERAPANTA EPOXIDICA “EMEX”","Produs Anti Alunecare - Pardoseala Antiderapanta Epoxidica - Anti Slipping, Calitate, Duritate Remarcabila - Pardoseli Industriale sau Rezidentiale !",pardoseala-epoxidica-antiderapanta,Pardoseala-bicomponenta-antiderapanta-epoxidica.webp,"in stock","1,058.86 RON",115,Pardoseala,EMEX,5941930706226,"rasina epoxidica/ pigmenti","""Vopsea de podea, de beton"""
EMX-086-NS-6-20AB,"PARDOSEALA POLIURETANICA AUTONIVELANTA “EMEX”","Sistem Bicomponent - Pardoseala Poliuretanica Autonivelanta - Aderenta Mare, Durabilitate, Rezistenta la UV si Medii Agresive - Pardoseli Industriale.",pardoseala-poliuretanica,Pardoseala-autonivelanta-poliuretanica.webp,"in stock","1,915.32 RON",115,Pardoseala,EMEX,5941930706318,"polioli/ pigmenti","""Vopsea de podea, de beton"""
EMX-088-NS-6-20AB,"PARDOSEALA POLIURETANICA ELASTICA “EMEX”","Elasticitate, Flexibilitate, Rezistenta la Uzura - Pardoseala Poliuretanica Elastica Profesionala - pentru Sali de Sport, Fitness sau Gym",pardoseala-poliuretanica-elastica,Pardoseala-poliuretanica-pentru-sali-sport.webp,"in stock","1,262.59 RON",115,Pardoseala,EMEX,5941930706400,"rasini poliuretanice/ pigmenti","""Vopsea de podea, de beton"""
EMX-087-NS-6-20AB,"PARDOSEALA POLIURETANICA ANTIDERAPANTA “EMEX”","Preventie Eficienta Antialunecare - Pardoseala Poliuretanica Antiderapanta - Rezistenta, Duritate si Durabilitate - Pardoseli Poliuretanice Durabile !",pardoseala-poliuretanica-antiderapanta,Pardoseala-antiderapanta-din-rasini-poliuretanice.webp,"in stock","1,915.32 RON",115,Pardoseala,EMEX,5941930706493,"rasini poliuretanice/ pigmenti","""Vopsea de podea, de beton"""
EMX-080-NS-6-20AB,"MEMBRANA POLIURETANICA HIDROIZOLANTA “EMEX”","Produs Profesional - Membrana Poliuretanica Hidroizolanta Lichida - Realizeaza Hidroizolatii de Terase Balcoane sau Impermeabilizare Pardoseli Beton !",membrana-poliuretanica-hidroizolanta,Membrana-poliuretanica-bicomponenta-de-impermeabilizare.webp,"in stock","1,745.93 RON",115,"Membrana poliuretanica",EMEX,5941930706585,"rasini poliuretanice/ pigmenti","""Vopsea de podea, de beton"""
EMX-081-NS-6-10ME,"MORTAR EPOXIDIC BICOMPONENT “EMEX FILL”","Pentru Reparatii Pardoseli - Mortar Epoxidic Bicomponent pe Baza de Rasini Epoxidice - Duritate si Rezistenta pentru Hale Industriale si Uz Alimentar",mortar-epoxidic,Mortar-epoxidic-Emex-Fill.webp,"in stock","283.10 RON",115,Mortar,EMEX,5941930706608,"rasini epoxidice/ cuartz","""Vopsea grund"""
EMX-091-NS-6-20GR,"SAPA EPOXIDICA CIMENTICA “EMEX MINERAL”","Pregatire Suporturi Deteriorate - Sapa Epoxidica Cimentica de Egalizare pentru - Aplicare Pardoseli Industriale Epoxidice Poliuretanice Poliesterice",sapa-epoxidica-egalizare,Sapa-epoxidica-bicomponenta-cimentica.webp,"in stock","813.57 RON",115,"Sapa Epoxidica",EMEX,5941930706622,"rasina epoxidica/ amina/ pulberi cimentice","""Vopsea de podea, de beton"""
EMX-084-NS-6-27MM,"COVOR DECORATIV EPOXIDIC “EMEX QUARTZ”","Sistem Profesional - Pardoseala Epoxidica Decorativa STB - Covor de Piatra - Pardoseli Industriale cu Cuart de Mare Duritate si Rezistenta - ",pardoseala-epoxidica-decorativa-cuartz,Covor-epoxidic-de-piatra.webp,"in stock",0.00,115,Pardoseala,EMEX,5941930710247,"rasini epoxidice/ cuartz","""Vopsea de podea, de beton"""
EMX-085-NS-6-20AB,"PARDOSEALA EPOXIDICA “EMEX MULTICOLOR”","Produs Profesional - Pardoseala Decorativa din Rasina Epoxidica Solvent-Free cu Plachete sau Fulgi Colorati - Rezistenta, Duritate, Durabilitate. ",pardoseala-epoxidica-multicolor,Pardoseala-decorativa-din-rasini-epoxidice.webp,"in stock","1,058.86 RON",115,Pardoseala,EMEX,5941930706646,"rasina epoxidica/ pigmenti","""Vopsea de podea, de beton"""
EMX-008-S-6-4AE,"GRUND EPOXIDIC NESOLVENTAT “EMEX GNS-30”","Produs Profesional - Amorsa Epoxidica De Impregnare - Pregatirea Suporturilor din Beton pentru Aplicare de Pardoseli Epoxidice sau Poliuretanice",amorsa-impregnare-pardoseli-epoxidice,Grund-de-amorsare-epoxidic-fara-solvent.webp,"in stock","435.38 RON",2058,Grund,EMEX,5941930706738,"rasina epoxidica","""Vopsea grund"""
EMX-012-NS-6-4GP,"AMORSA POLIURETANICA PARDOSELI “EMEX HS100”","Produs Profesional - Amorsa Poliuretanica Nesolventata de Impregnare - Fixare Suport si Inchidere Pori pentru Aplicarea de Pardoseli Poliuretanice.",amorsa-poliuretanica-nesolventata-pardoseli,Amorsa-nesolventata-poliuretanica-pardoseli.webp,"in stock","436.52 RON",2058,Grund,EMEX,5941930706752,"rasina poliolica/ poliizocianat aromatic","""Vopsea grund"""
EMX-050-S-6-2IE,"INTARITOR EPOXIDIC SOLVENT-FREE “EMEX”","Produs Profesional - Intaritor Rasini Epoxidice Solvent-Free pentru Pardoseli Epoxidice - Trafic Intens Rezistente la Factori Chimici si Mecanici",intaritor-rasini-epoxidice-nesolventate,Intaritor-nesolventat-pardoseli-epoxidice.webp,"in stock","154.70 RON",115,Intaritor,EMEX,5941930706776,"poliamina/ rasini epoxidice","""Intaritor"""
EMX-052-S-6-2IP,"INTARITOR POLIURETANIC “EMEX 2K-PA”","Pentru Sisteme Profesionale - Intaritor Rasini Poliuretanice Solvent-Free pentru Pardoseala - Trafic Intens Rezistenta Chimica, Mecanica, Termica !",intaritor-rasini-poliuretanice-nesolventate,Intaritor-poliuretanic-solvent-free.webp,"in stock","280.84 RON",115,Intaritor,EMEX,5941930706790,poliizocianat,"""Intaritor"""
EMX-117-S-7-4AB,"VOPSEA EPOXIDICA DE PARDOSEALA BETON “EMEX”","Sistem Profesional - Vopsea Epoxidica pentru Pardoseala - Vopsiri Epoxidice de Suprafete din Beton cu Duritate si Luciu - Durabilitate min - ani !",vopsea-epoxidica-pardoseli,Vopsea-pentru-pardoseli-epoxidice.webp,"in stock","232.50 RON",503738,Vopsea,EMEX,5941930706813,"faina de cuart/ fileri de duritate","""Vopsea de podea, de beton"""
EMX-129-S-7-4AB,"VOPSEA POLIURETANICA PENTRU PARDOSEALA “EMEX”","Sistem Profesional de Calitate Premium - Vopsea Poliuretanica de Pardoseala din Beton - Duritate Durabilitate Luciu - Durata de Viata Minim - ani !",vopsea-poliuretanica-pardoseli,Vopsea-poliuretanica-pentru-pardoseli.webp,"in stock","332.78 RON",503738,Vopsea,EMEX,5941930707353,"faina de cuart/ fileri de duritate","""Vopsea de podea, de beton"""
EMX-115-S-7-5AB,"VOPSEA CLORCAUCIUC PARDOSEALA BETON “EMEX”","Produs Profesional - Vopsea Clorcauciuc pentru Pardoseala din Beton Rezistenta la Trafic Intemperii si Apa - Vopsea Cauciucata de Calitate Premium !",vopsea-clorcauciuc-pardoseli,Vopsea-clorcauciuc-de-pardoseala.webp,"in stock","222.59 RON",503738,Vopsea,EMEX,5941930707537,"cauciuc clorurat/ faina de cuartz","""Vopsea de podea, de beton"""
EMX-122-S-7-5AB,"VOPSEA DE MARCAJ RUTIER “EMEX ROUTE”","Vopsea pentru Marcaj Rutier pe Asfalt sau Beton - Marcaje Rutiere pentru Benzi de Circulatie Treceri de Pietoni si Parcari - Calitate Incontestabila !",vopsea-marcaj-rutier,Vopsea-de-marcaj-rutier.webp,"in stock","116.25 RON",503738,Vopsea,EMEX,5941930707711,"rasini acrilice/ faina de cuart","""Vopsea de podea, de beton"""
EMX-139-NS-7-6AB,"VOPSEA MARCAJE RUTIERE REZONATOARE “EMEX”","Sistem Profesional - Vopsea Bicomponenta de Marcaj Rutier si Marcaje Rezonatoare pentru Carosabil de Asfalt sau Beton - Calitate premium !",vopsea-marcaj-rutier-bicomponenta,Marcaj-rutier-2K-emex-trafic.webp,"in stock","243.57 RON",503738,Vopsea,EMEX,5941930707797,"monomeri acrilici/ fileri","""Vopsea de podea, de beton"""
EMX-055-S-7-4TR,"LAC PENTRU BETON AMPRENTAT “EMEX LS PATIO”","Noua Generatie - Lac Protectie pentru Beton Amprentat - Rezistent la Trafic, Apa, Inghet-Dezghet - Fixeaza Pardoseli Macinate si Fisurate !",lac-beton-amprentat,Lac-protectie-si-trafic.webp,"in stock","224.27 RON",503738,Lac,EMEX,5941930707834,"cauciuc clorurat/ faina de cuartz","""Lac"""
EMX-056-S-7-4TR,"LAC EPOXIDIC - RASINA EPOXI “EMEX EPOXY CONTACT”","Fabricat din Rasina Epoxidica Free - Lac Epoxidic pentru Beton pentru Protectia Pardoselilor Impotriva Macinarii si Fisurarii. - Lacuire Top Coat !",lac-epoxidic-sigilare,Lac-epoxidic-metal-beton-parchet.webp,"in stock","435.38 RON",503738,Lac,EMEX,5941930707957,"rasina epoxidica/ aditivi","""Lac"""
EMX-007-S-7-3GE,"GRUND EPOXIDIC DE AMORSARE “EMEX”","Primer pentru Beton - Grund Epoxidic de Amorsare Pardoseli pentru - Pregatirea Suprafetelor in vederea aplicarii de Pardoseli sau Vopsele Epoxidice",amorsa-epoxidica-impregnare,Amorsa-epoxidica-solventata.webp,"in stock","211.88 RON",2058,Grund,EMEX,5941930708176,"rasini epoxidice/ aditivi","""Vopsea grund"""
EMX-011-S-7-08GP,"AMORSA POLIURETANICA DE IMPREGNARE “EMEX”","Primer pentru Beton - Grund Poliuretanic de Amorsare Pardoseli - Pregatire si Fixare Suprafete pentru Aplicare Vopsele Poliuretanice de Pardoseala !",amorsa-poliuretanica-impregnare,Grund-poliuretanic-de-amorsare.webp,"in stock","258.20 RON",2058,Amorsa,EMEX,5941930708190,"rasina poliolica/ poliizocianat alifatic","""Vopsea grund"""
EMX-003-S-7-4GC,"GRUND CLORCAUCIUC DE AMORSARE “EMEX”","Primer pentru Beton - Amorsa Clorcauciuc pentru Pardoseli si Piscine - Amorsare Fixare si Pregatire Suprafete Inaintea Aplicarii de Vopsea Clorcauciuc",amorsa-clorcauciuc-impregnare,Amorsa-clorcauciuc-pentru-beton.webp,"in stock","172.43 RON",2058,Grund,EMEX,5941930708237,"cauciuc clorurat/ pigmenti","""Vopsea grund"""
EMX-021-S-7-1MR,"DILUANT MARCAJ RUTIER “EMEX ROUTE”","Produs Superior - Diluant pentru Vopsele de Marcaj Rutier - Solvent Diluare Vopsea de Trafic pentru Marcaje Benzi de Circulatie Carosabil sau Pietonal",diluant-marcaj-rutier,Diluant-pentru-marcaj-rutier.webp,"in stock","31.04 RON",503741,Diluant,EMEX,5941930708251,"solventi specializati","""Diluant"""
EMX-009-S-8-5AC,"AMORSA DE PERETE ACRILICA “EMEX”","Pentru Zugravire cu Vopsele Lavabile - Amorsa de Perete Acrilica pentru Zidarie si Tencuieli interior/ Exterior si Aplicare Tencuiala Decorativa",amorsa-perete,Amorsa-lavabila-acrilica-de-perete.webp,"in stock","44.82 RON",2058,Amorsa,EMEX,5941930708312,"polimeri acrilici/ aditivi specifici","""Vopsea grund"""
EMX-002-S-8-5AM,"AMORSA DE PERETE ANTIMUCEGAI “EMEX”","Pentru Vopsele Lavabile Si Tencuieli Decorative - Amorsa Antimucegai De Perete - Antifungic si Inhibitor de Igrasie - Impotriva Mucegaiului la Zidarie",amorsa-antimucegai,Amorsa-antimicrobiana-si-antimucegai.webp,"in stock","49.13 RON",2058,Amorsa,EMEX,5941930708336,"rasina acrilica/ aditivi","""Vopsea grund"""
EMX-010-S-8-20NM,"AMORSA ECONOMICA - ZUGRAVELI “NEOMATT ECO”","Pentru Zidarie si Tencuieli Interioare? Amorsa de Perete Economica Acrilica - Zugravire Cu Vopsele Lavabile sau Tencuieli Decorative Acrilice",amorsa-perete-economica,Amorsa-de-perete-acrilica-economica.webp,"in stock","111.15 RON",2058,Amorsa,NEOMATT,5941930708350,"rasina acrilica/ aditivi","""Vopsea grund"""
EMX-014-NS-8-5SC,"AMORSA SILICONICA DE PERETE “EMEX”","Produs Premium - Amorsa de Perete Siliconica “Emex” cu - Aderenta, Putere Mare de Penetrare - Suportului si Elasticitate Avansata, pentru Zugraveli.",amorsa-siliconica,Amorsa-siliconica-pentru-zugraveli.webp,"in stock","50.29 RON",2058,Amorsa,EMEX,5941930708367,"polimeri acrilici/ aditivi specifici","""Vopsea grund"""
EMX-013-NS-8-5SA,"AMORSA DE PERETE SILICATICA “EMEX”","Prima Alegere in Restaurari - Amorsa de Perete Silicatica Profesionala cu Mare Duritate - pentru Vopsele Lavabile sau Tencuieli Decorative Silicatice ",amorsa-silicatica,Amorsa-silicatica-pentru-zugraveli-si-zidarii.webp,"in stock","65.14 RON",2058,Amorsa,EMEX,5941930708381,"silicat de potasiu/ aditivi","""Vopsea grund"""
EMX-046-NS-8-16GP,"AMORSA SLEFUIBILA DE PERETE “EMEX”","Pregatirea Peretilor - Grund de Amorsare Egalizare si Umplere Pori Slefuibil - pentru Pregatire de Aplicare Vopsele Lavabile si Tencuieli Decorative.",grund-umplere-pori,Grund-amorsa-egalizare-pentru-pereti.webp,"in stock","140.52 RON",2058,Grund,EMEX,5941930708404,"copolimeri acrilici/ fileri","""Vopsea grund"""
EMX-005-NS-8-16AQ,"AMORSA CU CUART PENTRU TENCUIELI “EMEX”","Pentru Aderenta Superioara - Amorsa cu Cuart pentru Tencuieli Decorative - Creeaza Puncte de Ancora si Mareste Durabilitatea Tencuielii Structurate.",amorsa-cuart-tencuieli-decorative,Amorsa-tencuieli-decorative-cu-cuartz.webp,"in stock","134.61 RON",2059,Grund,EMEX,5941930708411,"copolimeri acrilici/ fileri","""Vopsea grund"""
EMX-006-NS-8-16AQ,"AMORSA SILICONICA PENTRU TENCUIELI “EMEX”","Pentru Aderenta Superioara - Amorsa cu Cuart pentru Tencuieli Siliconice - Elasticitate Mare Flexibilitate si Rezistenta in Timp - Fixeaza Suportul",amorsa-cuart-tencuieli-siliconice,Amorsa-siliconica-pentru-tencuieli-fatade.webp,"in stock","144.70 RON",2058,Grund,EMEX,5941930708428,"copolimeri acrilici/ aditiv siliconic","""Vopsea grund"""
EMX-004-NS-8-16AQ,"AMORSA SILICATICA CU CUARTZ “EMEX”","Destinata Restaurarilor? Amorsa cu Cuart pentru Tencuieli Silicatice - are Duritate Superioara si Rezistenta Mare la Factori de Mediu si Imbatranire",amorsa-cuart-silicatica-tencuiala,Grund-amorsare-cuart-tencuiala-silicatica.webp,"in stock","169.27 RON",2058,Grund,EMEX,5941930708435,"copolimeri acrilici/ aditiv siliconic","""Vopsea grund"""
EMX-079-NS-8-16LQ,"MASA DE SPACLU ACRILICA “EMEX LQ”","Glet Pasta - Masa de Spaclu pentru Reparatii Tencuieli si Gleturi - cu Aderenta si Elasticitate pentru Umplere Goluri, Rosturi si Reparare Fisuri",masa-spaclu,Glet-acrilic-pentru-reparatii.webp,"in stock","128.14 RON",2058,"Masa de spaclu",EMEX,5941930708442,"polimeri/ extenderi/ aditivi","""Vopsea grund"""
EMX-092-S-8-5AM,"SANITIZANT ANTIMUCEGAI “EMEX FORTE”","Pentru Tencuieli Gleturi Zidarie - Solutie Antimucegai Antimicrobiana de Sanitizare - Efect in Profunzime de Eliminare Igrasie Alge Bacterii Mucegai",solutie-anti-mucegai,Solutie-indepartare-igrasie-si-mucegai.webp,"in stock","85.60 RON",2058,Antimucegai,EMEX,5941930708459,"Biocid antimucegai","""Vopsea grund"""
EMX-046-NS-9-4RO,"GRUND EPOXIDIC ANTICOROZIV “EMEX”","Fabricat pe Baza de Rasina Epoxidica - Grund Epoxidic Anticoroziv Eficient Impotriva Ruginii - cu Rezistenta la Coroziune in Medii Chimic Agresive ",grund-epoxidic,Grund-epoxidic-cu-inhibitor-de-coroziune.webp,"in stock","190.30 RON",2058,Grund,EMEX,5941930708473,"rasina epoxidica/ pigmenti organici","""Vopsea grund"""
EMX-043-NS-9-4RO,"GRUND POLIURETANIC ANTICOROZIV “EMEX”","Produs de Noua Generatie - Grundul Poliuretanic Anticoroziv Bicomponent “Emex” Prezinta - Rezistenta Mare la Coroziune si Medii Chimic Agresive",grund-poliuretanic,Grund-anticoroziv-din-rasini-poliuretanice.webp,"in stock","241.06 RON",2058,"Grund Anticoroziv",EMEX,5941930708596,"rasina poliolica solventata/ aditivi/ pigmenti","""Vopsea grund"""
EMX-038-S-9-6RO,"GRUND CLORCAUCIUC ANTICOROZIV “EMEX”","Pe Baza De Cauciuc Clorurat - Grund Anticoroziv Clorcauciuc Impotriva Ruginii - pentru Protectia Suporturilor de Metal. Contine inhibitor de Coroziune",grund-clorcauciuc,Grund-clorcauciuc-inhibitor-de-rugina.webp,"in stock","213.57 RON",2058,"Grund Anticoroziv",EMEX,5941930708657,"cauciuc clorurat/ pigmenti","""Vopsea grund"""
EMX-162-NS-4-23NG,"VOPSEA ACRILICA - IN - “EMEX AEGIS G3”","Produs de Noua Generatie - Vopseaua Acrilica - in - peste Rugina Emex Aegis G3 - se Aplica Direct pe Suporturi Ruginite fara Necesitatea unui Grund",vopsea-acrilica-3-in-1-anticoroziva,Vopsea-acrilica-anticoroziva-3-in-1.webp,"in stock","302.23 RON",503738,Vopsea,EMEX,5941930703386,"rasina acriilca/ inhibitori coroziune","""Vopsea grund"""
EMX-042-NS-9-4RO,"GRUND ANTICOROZIV POLIESTERIC “EMEX”","Produs Profesional - Grund Bicomponent Poliesteric Anticoroziv - Protectie Profesionala - Inaintea Aplicarii de Vopsele pe Baza de Rasini Poliesterice",grund-poliesteric,Grund-din-rasini-poliesterice-saturate.webp,"in stock","246.81 RON",2058,"Grund Anticoroziv",EMEX,5941930708718,"rasina poliesterica/ aditivi/ pigmenti","""Vopsea grund"""
EMX-165-NS-4-5AB,"VOPSEA - IN - EPOXY-ESTER “EMEX Q3-GUARD”","Produs Profesional de Inalta Performanta - Vopsea Epoxy-Ester - in - “Emex Q3-Guard” - Direct pe Suporturi Ruginite fara Necesitatea unui Grund",vopsea-3-in-1-anticoroziva-epoxi-ester,Epoxy-ester-3-in-1-anticoroziva.webp,"in stock","352.46 RON",503738,Vopsea,EMEX,5941930703560,"rasina epoxidica/ esteri","""Vopsea grund"""
EMX-181-NS-7-3TR,"LAC POLIURETANIC PE BAZA DE APA “EMEX POLIMAT”","Produs de Inalta Performanta - Lac Poliuretanic pe Baza de Apa “Emex Polimat” - Utilizat pentru Protectia si/ sau Corectia Acoperirilor de Pardoseala",lac-poliuretanic-protectie-pardoseli-polimat,Lac-poliuretanic-emulsionat-protectie-si-matuire-pardoseli.webp,"in stock","375.04 RON",503739,Lac,EMEX,5941930710858,"rasina epoxidica monocomponenta","""Vopsea grund"""
EMX-137-NS-9-6RO,"GRUND ANTICOROZIV EPOXY-ESTER “EMEX”","Monocomponent - Grund Epoxidic Anticoroziv pentru Metal pe Baza de Rasina Epoxidica Modificata - Rezistenta si Protectie Maxima la Coroziune !",grund-epoxidic-monocomponent-epoxi-ester,Grund-epoxi-ester-anticoroziv-pentru-metal.webp,"in stock","253.31 RON",2058,"Grund Anticoroziv",EMEX,5941930708770,"rasini epoxidice/ esteri","""Vopsea grund"""
EMX-036-S-9-6RO,"GRUND AUTO - UTILAJE ANTICOROZIV “EMEX”","Pentru Protectia de Utilaje si Caroserii Auto Impotriva Ruginii - Grund Anticoroziv Tip Auto pentru Utilaje - Duritate, Durabilitate, Rezistenta !",grund-auto-utilaje,Grund-anticoroziv-auto-si-utilaje.webp,"in stock","184.42 RON",2058,"Grund Anticoroziv",EMEX,5941930708831,"rasini alchidice/ rasini melaminice","""Vopsea grund"""
EMX-034-S-2-6RO,"GRUND ANTICOROZIV PENTRU METAL “EMEX”","Rezistent La Intemperii si Factori Chimici - Grundul Anticoroziv Alchidic Asigura - Protectie Anticoroziva - Elementelor din Metal impotriva Ruginii",grund-alchidic-anticoroziv,Grund-alchidic-protectie-metal.webp,"in stock","137.06 RON",2058,"Grund Anticoroziv",EMEX,5941930702211,"rasina alchidica/ pigmenti/ fileri","""Vopsea grund"""
EMX-047-NS-9-5RO,"PROTECTIE ANTICOROZIVA - GRUND METAL “EMEX”","Produs Profesional - Grund Anticoroziv Alchido-Stirenic - Protectie Anticoroziva Superioara pentru Suporturile Metalice Expuse la Aparitia Ruginii !",grund-anticoroziv-alchido-stirenic,Grund-anticoroziv-alchido-stirenic.webp,"in stock","182.08 RON",2058,"Grund Anticoroziv",EMEX,5941930708893,"rasina alchidica/ inhibitori de coroziune","""Vopsea grund"""
EMX-030-NS-9-6RO,"GRUND ANTICOROZIV DE CUPTOR “EMEX”","Produs Industrial - Grund Anticoroziv de Cuptor din Rasini Sintetice - Protectie Superioara Impotriva Ruginii, Rezistenta la Apa si Agenti Chimici !",grund-alchido-melaminic-cuptor,Grund-anticoroziv-pentru-cuptor.webp,"in stock","265.13 RON",2058,Grund,EMEX,5941930708954,"rasini sintetice/ pasta de aluminiu/ pigmenti","""Vopsea grund"""
EMX-045-NS-9-5NG,"GRUND ANTICOROZIV TERMOREZISTENT “EMEX HTP”","Rezistent la Temperaturi Inalte - Grundul Anticoroziv Termorezistent Siliconic cu Inhibitori de Coroziune - Creaza Pelicule ce Opresc Formarea Ruginii",grund-termorezistent-siliconic,Grund-termorezistent-siliconic.webp,"in stock","561.36 RON",2058,Grund,EMEX,5941930708992,"rasini siliconice/ aditivi specifici","""Vopsea grund"""
EMX-146-S-7-3TR,"LAC POLIURETANIC BETON AMPRENTAT “EMEX PU STAMP”","Protectie Avansata Dale, Placi, Pavele Ornamentale - Lac Poliuretanic pentru Beton Amprentat - Rezistent la Trafic, Apa, Inghet-Dezghet, Radiatii UV !",lac-poliuretanic-beton-amprentat,Lac-poliuretanic-beton-amprentat.webp,"in stock","318.11 RON",503739,Lac,EMEX,5941930707933,"rasina poliolica solventata/ aditivi/ pigmenti","""Lac"""
EMX-057-S-7-3TR,"LAC EPOXIDIC SOLVENTAT “EMEX EPOXY COAT”","Pentru Decorare Si Protectie - Lac Epoxidic Solventat Metal si Beton - Bun Sigilant, Rezistent la Apa, Cicluri Inghet - Dezghet, Medii Agresive !",lac-epoxidic-solventat,Lac-epoxidic-solventat.webp,"in stock","241.73 RON",503738,Lac,EMEX,5941930707971,"rasina epoxidica","""Lac"""
EMX-127-S-7-4AB,"VOPSEA POLIURETANICA ELASTICA “EMEX FLEXIPOL”","Sistem Profesional - Vopsea Poliuretanica Elastica pentru Beton, Sali si Terenuri de Sport. - Proprietati de Impermeabilizare, Rezistenta ridicata - ",vopsea-poliuretanica-elastica,Vopsea-elastica-impermeabila-poliuretanica.webp,"in stock","362.04 RON",503738,Vopsea,EMEX,5941930707995,"rasina poliuretanica/ poliizocianat alifatic","""Vopsea de podea, de beton"""
EMX-015-NS-4-1OX,"CONVERTOR SI INHIBITOR DE RUGINA “EMEX OXIFER”","Sistem - Convertor si Inhibitor de Rugina. Asigura Curatare si Neutralizare Rugina prin Chelare. - Solutie Antirugina pentru Protectie Anticoroziva !",convertor-rugina,Solutie-de-vopsire-peste-rugina.webp,"in stock","111.81 RON",115,"Convertor de rugina",EMEX,5941930704987,"rasina vinilica/ inhibitor coroziune","""Vopsea grund"""
EMX-149-S-4-3GE,"AMORSA EPOXIDICA PENTRU LEMN “EMEX”","Primer pentru Lemn si Fibra de Sticla - Amorsa Epoxidica pentru Pregatirea Suprafetelor de vopsire cu Email Epoxidic, Poliuretanic sau Poliesteric",amorsa-epoxidica-lemn-fibra-sticla,Amorsa-epoxidica-lemn-fibra-de-sticla.webp,"in stock","211.88 RON",2058,Amorsa,EMEX,5941930705342,"rasini epoxidice/ aditivi","""Vopsea grund"""
EMX-150-S-4-4AE,"AMORSA EPOXIDICA EMULSIONATA “EMEX”","Primer pe Baza de Apa - Amorsa Epoxidica Emulsionata pentru Lemn Beton Zidarie - Vopsire cu Vopsele Epoxidice Bicomponente pe Baza de Apa",amorsa-epoxidica-baza-apa,Amorsa-emulsionata-epoxidica.webp,"in stock","229.89 RON",2058,Amorsa,EMEX,5941930705366,"rasina epoxidica emulsionata","""Vopsea grund"""
EMX-155-NS-4-4AB,"EMAIL EPOXIDIC BAZA APA “EMEX WD-E”","Sistem Profesional - Email Epoxidic pe Baza de Apa pentru Lemn si Metal, cu Rezistenta Mare la Apa si Agresiuni Chimice - Durabilitate Minima - ani !",email-epoxidic-emulsionat-apa,Email-epoxidic-pe-baza-de-apa.webp,"in stock","445.11 RON",503738,Email,EMEX,5941930703201,"rasina epoxidica emulsionata","""Vopsea email"""
EMX-048-NS-9-4RO,"GRUND EPOXIDIC EMULSIONAT “EMEX WD-AE”","Pe Baza de Rasini Epoxidice Solubile in Apa - Grund Anticoroziv Bicomponent - Rezistent la Coroziune Medii Chimic Agresive Factori Corozivi Intemperii",grund-epoxidic-solubil-apa,Grund-epoxidic-solubil-in-apa.webp,"in stock","234.68 RON",2058,"Grund Anticoroziv",EMEX,5941930708534,"rasina epoxidica emulsionata","""Vopsea grund"""
EMX-158-NS-1-20AB,"VOPSEA ELASTOMERICA EXTERIOR “EMEX FLEXIO”","Elastica si Flexibila - Vopsea Elastomerica Rezistenta la Apa si Infiltratii - Pentru Fatade, Tencuieli, Suporturi Minerale, Spume Poliuretanice",vopsea-elastomerica-tencuieli-exterior,Vopsea-elastomerica-fatade.webp,"in stock","560.73 RON",1361,"Vopsea lavabila",EMEX,5941930709050,"polimeri acrilici/ aditivi","""Vopsea de fatada"""
EMX-160-NS-1-7AB,"ULTRALAVABILA BAIE - BUCATARIE “EMEX CERAMIC”","Pentru Protectia Spatiilor de Baie si Bucatarie - Vopsea Ultralavabila Ceramica Anticondens - cu Nanosfere Ceramice. Termoizolare, Lavabilitate Mare",lavabila-ceramica-baie-bucatarie,Vopsea-ultralavabila-cu-nanosfere.webp,"in stock","270.62 RON",1361,"Vopsea lavabila",EMEX,5941930709128,"rasina vinil versatata","""Vopsea lavabila interior"""
EMX-159-NS-5-20AB,"MEMBRANA CAUCIUCATA HIDROIZOLANTA “SUPRA MX”","Pe Baza de Rasini Acrilice Pure - Membrana Impermeabilizanta Cauciucata - Elasticitate Mare, Stabilitate, Rezistenta La Intemperii, Impact, Vibratii",membrana-cauciucata-elastomerica,Membrana-cauciucata-hidroizolanta-apa.webp,"in stock","575.25 RON",115,"Membrana Hidroizolanta",EMEX,5941930705526,"polimeri acrilici/ aditivi","""Vopsea grund"""
EMX-161-NS-9-4GR,"GRUND EPOXY-POLIAMIDIC CU ZINC “EMEX PZ-302”","Produs Profesional - Grundul Anticoroziv Epoxy-Poliamidic cu Zinc este Destinat Elementelor Metalice Expuse la Medii de Agresivitate Mare/ Foarte Mare",grund-epoxi-poliamidic-cu-zinc,Grund-epoxidic-cu-zinc-clasa-c5.webp,"in stock","565.76 RON",2058,"Grund Anticoroziv",EMEX,5941930709265,"rasina epoxidica/ pulbere de zinc","""Vopsea grund"""
EMX-163-NS-7-5AB,"MARCAJ RUTIER PE BAZA DE APA “EMEX WT-URBAN”","Produs Profesional - Vopsea pentru Marcaj Rutier pe Baza de Apa “Emex WT-Urban” - pentru Marcaje Rutiere, Borduri sau pe Gazon Natural sau Sintetic",vopsea-marcaj-rutier-apa-wt-urban,Vopsea-rutiera-pentru-marcaje.webp,"in stock","160.87 RON",503738,Vopsea,EMEX,5941930709289,"rasina acrilica apa","""Vopsea de podea, de beton"""
EMX-164-NS-4-6GR,"VOPSEA INTERMEDIARA EPOXIDICA “EMEX SPARK”","Produs Profesional - Vopsea Intermediara Epoxy-Poliamidica Anticoroziva cu Micaceu - Strat Intermediar pentru Sisteme de Inalta Protectie Anticoroziva",vopsea-intermediara-epoxy-poliamidica-cu-micaceu,Vopsea-epoxy-poliamidica-intermediara-anticoroziva.webp,"in stock","348.32 RON",2058,"Vopsea Intermediara",EMEX,5941930704529,"rasina epoxidica/ inhihitori coroziune","""Vopsea email"""
EMX-167-NS-5-20AB,"MEMBRANA ACRILICA HIDROIZOLANTA “EMEX HYPRO”","Sistem Acrilic - Membrana Acrilica Hidroizolanta 2k “Emex HyPro” cu - Elasticitate Ridicata si Stabilitate la Temperaturi intre -20°C si +60°C",membrana-acrilica-hidroizolanta-2k,Membrana-hidroizolanta-2-k-la-sac.webp,"in stock","634.84 RON",115,"Membrana Hidroizolanta Acrilica",EMEX,5941930709364,"rasina acrilica/ pulberi cimentice","""Vopsea de podea, de beton"""
EMX-168-S-7-4AB,"EPOXIDICA PARDOSELI CU MICROFULGI “EMEX MFS-331”","Sistem Profesional - Vopsea Epoxidica de Pardoseala cu Microfulgi de Sticla - Vopsiri Epoxidice de Inalta Performanta cu Durabilitate Indelungata !",vopsea-epoxidica-pardoseli-microfulgi,Vopsea-epoxy-pardoseli-cu-rezistenta-chimica.webp,"in stock","282.09 RON",503738,Vopsea,EMEX,5941930706998,"rasini epoxidice/ fulgi de sticla","""Vopsea de podea, de beton"""
EMX-170-NS-4-4AB,"EMAIL EPOXIDIC MEDII AGRESIVE “EMEX EFS-323”","Sistem Profesional de Noua Generatie - Emailul Epoxidic pentru Medii Agresive “Emex EFS-323” Contine - Microfulgi de Sticla pentru Rezistenta Marita",email-epoxidic-medii-agresive,Email-epoxidic-mediu-coroziv.webp,"in stock","295.17 RON",503739,Vopsea,EMEX,5941930709371,"rasini epoxidice/ fulgi de sticla","""Vopsea email"""
EMX-171-NS-6-10AB,"MASA EPOXIDICA DE SPACLU “EMEX MSE 31”","Produs Profesional - Masa Epoxidica de Spaclu “Emex MSE 31” - Inalta Performanta pentru Pregatire Sisteme de Pardoseli sau Vopsiri Bicomponente",masa-epoxidica-de-spaclu,Primer-de-egalizare-pardoseala-epoxidica.webp,"in stock","475.52 RON",115,Pardoseala,EMEX,5941930709555,"rasina epoxidica/ pigmenti","""Vopsea de podea, de beton"""
EMX-172-NS-4-4AB,"EMAIL PENTRU TIGLA METALICA “EMEX SCREENPOL”","Sistem Profesional de Inalta Performanta - Email Alchido-Poliuretanic de Tigla Metalica “Emex Screenpol” cu - Duritate, Rezistenta si Luciu Superior",vopsea-tigla-metalica-screenpol,Vopsea-alchido-poliuretanica-pentru-tigla-metalica.webp,"in stock","251.98 RON",503738,Email,EMEX,5941930709593,"rasina poliuretanica/ pigmenti","""Vopsea email"""
EMX-173-NS-3-25AB,"TENCUIALA FIBRA DE STICLA “EMEX GF-MESH”","Emex GF-Mesh este - ? Tencuiala Decorativa Structurata Ranforsata cu Fibra de Sticla cu - Elasticitate Mare, Duritate si Durabilitate de Peste 10 ani",tencuiala-decorativa-fibra-sticla,Tencuiala-decorativa-fibra-de-sticla.webp,"in stock","226.10 RON",505802,Tencuiala,EMEX,5941930709777,"copolimeri acrilo-stirenici/ aditivi/ fileri","""Tencuiala decorativa"""
EMX-174-NS-4-4AB,"EMAIL EPOXIDIC GRESIE SI FAIANTA “EMEX QSF-3E”","Sistem Bicomponent - Emailul Epoxidic pentru Gresie si Faianta “Emex QSF-3E” - Solutie Moderna de Acoperire pe Baza de Rasina Epoxidica Hidrosolubila",email-epoxidic-pentru-gresie-si-faianta,Vopsea-epoxidica-profesionala-pentru-faianta.webp,"in stock","464.05 RON",503738,Email,EMEX,5941930709814,"rasina epoxidica/ inhihitori coroziune","""Vopsea email"""
EMX-175-S-6-27MM,"COVOR POLIURETANIC DE PIATRA “EMEX PEBBLE”","Sistem Tricomponent Modern - Pardoseala Poliuretanica Decorativa “Emex Pebble” - Covor de Piatra este un? Produs din Rasina Poliuretanica Solvent-Free",pardoseala-poliuretanica-exterior-covor-de-piatra,Covor-de-piatra-pardoseala-poliuretanica-exterior.webp,"in stock","436.12 RON",115,Pardoseala,EMEX,5941930709999,"rasina poliuretanica/ poliizocianat alifatic","""Covor de piatra"""
EMX-176-S-6-4TR,"RASINA EPOXIDICA DE TURNARE “EMEX TOPCAST”","Cu aplicare exclusiv profesionala - rasina epoxidica de turnare strat gros “Emex Topcast” este un - sistem epoxidic decorativ de inalta performanta",rasina-epoxidica-turnare-strat-gros,Rasina-transparenta-pentru-mese-din-lemn.webp,"in stock","550.79 RON",115,Pardoseala,EMEX,5941930710056,"rasini epoxidice","""Vopsea de podea, de beton"""
EMX-179-NS-4-5AB,"EMAIL PANOURI SANDWICH “EMEX PANEL”","Produs Profesional - Email Acrilo-Stirenic “Emex Panel” - Fabricat Special Pentru Vopsirea - Panourilor Sandwich si Acoperisurilor din Tigla Metalica",email-panouri-sandwich,Email-profesional-acrilo-stirenic-pentru-panou-sandwich.webp,"in stock","282.39 RON",503738,Email,EMEX,5941930710490,"rasina acrilica","""Vopsea email"""
EMX-177-NS-4-5AB,"EMAIL NITRO-COMBINAT &ldquo;EMEX QN-212&rdquo;","Produs Profesional - Emailul Nitro-Combinat “Emex QN-212” este Fabricat pe Baza de - Nitroceluloza si Rasini Alchido-Acrilice pentru Lemn sau Metal",email-nitro-combinat,Email-nitrocelulozic-industrial-profesional-luciu-intens.webp,"in stock","951.76 RON",503738,Email,EMEX,5941930710063,nitroceluloza,"""Vopsea email"""
EMX-178-NS-9-4RO,"GRUND ANTICOROZIV NITRO-COMBINAT “EMEX FZ-214”","Inhibitor Anticoroziv - Grundul Nitro-Combinat “Emex FZ-214” este Fabricat pe - Baza de Nitroceluloza, Agenti Anticorozivi si Inhibitori de Coroziune",grund-nitro-combinat-anticoroziv,Grund-anticoroziv-nitrocombinat-profesional-industrial.webp,"in stock","154.75 RON",2058,"Grund Anticoroziv",EMEX,5941930710254,nitroceluloza,"""Vopsea grund"""
EMX-180-NS-4-4AB,"VOPSEA ACRILICA 2K FARA IZOCIANAT “EMEX HYBRID”","Sistem Profesional de Inalta Calitate - Vopsea Acrilica Bicomponenta fara Izocianat “Emex Hybrid” - Reticulabila cu Rasina Epoxidica Solvent-Free ",vopsea-acrilica-bicomponenta-noiso,Vopsea-universala-bicomponenta-fara-izocianati.webp,"in stock","245.75 RON",503739,Vopsea,EMEX,5941930710674,"rasina poliuretanica/ poliizocianat alifatic","""Vopsea email"""
EMX-182-NS-7-4AB,"VOPSEA POLIASPARTICA PARDOSELI “EMEX P31-AS”","Sistem de Inalta Performanta - Vopsea Poliaspartica Pardoseli “Emex P31-AS” - pe Baza de Esteri Aspartici - Uscare Rapida si Proprietati Anti Zgariere",vopsea-poliaspartica-pardoseli-rapide,Vopsea-poliaspartica-bicomponenta-cu-duritate-si-rezistenta.webp,"in stock","563.16 RON",503739,Vopsea,EMEX,5941930710872,"rasina poliaspartica","""Vopsea email"""
EMX-183-NS-9-6RO,"GRUND ANTICOROZIV ACRILO-STIRENIC “EMEX MZ-801”","Produs Profesional - Grundul Anticoroziv Acrilo-Stirenic cu Microfibra si Zinc “Emex MZ-801” Contine - Agenti Anticorozivi si Inhibitori de Coroziune",grund-acrilo-stirenic-zinc-microfibra,Grund-anticoroziv-antirugina-su-zinc-si-microfibre.webp,"in stock","262.34 RON",2058,"Grund Anticoroziv",EMEX,5941930711053,"rasina stiren-acrilica","""Vopsea grund"""
EMX-184-NS-7-4TR,"LAC POLIASPARTIC DE INALTA DURITATE “EMEX L32-AS”","Pentru Protectii cu Rezistenta Mecanica Superioara - Sistem Inovator, de Inalta Performanta, Bicomponent, cu Uscare si Intarire Foarte Rapida, la Aer",lac-poliaspartic-inalta-duritate,Lac-poliaspartic-de-inalta-duritate-antizgariere.webp,"in stock","620.33 RON",503739,Lac,EMEX,5941930711114,"rasina poliaspartica","""Lac"""
